#CHROM,POS,nucleotide,amino acid,type,impact,gene,WBGeneID,transcript
I,1696287,n.101dupA,,splice_donor_variant&intron_variant,HIGH,linc-131,WBGene00219767,Y71G12B.40
I,2905525,c.677_678delCG,p.Ala226fs,frameshift_variant,HIGH,Y71F9AL.4,WBGene00022110,Y71F9AL.4.1
I,5267509,c.2036C>T,p.Ala679Val,missense_variant,MODERATE,B0261.1,WBGene00015091,B0261.1.1
I,5374709,c.637-1G>C,,splice_acceptor_variant&intron_variant,HIGH,pqn-44,WBGene00004131,F55A12.9a.1
I,8444287,c.593T>G,p.Ile198Arg,missense_variant,MODERATE,F10D11.5,WBGene00008651,F10D11.5.1
I,8523674,c.1702G>T,p.Val568Phe,missense_variant,MODERATE,K02B12.5,WBGene00010498,K02B12.5.1
I,9261631,c.10A>C,p.Ile4Leu,missense_variant,MODERATE,F36H2.3,WBGene00009500,F36H2.3h.1
I,10272518,c.5429_5433delAGCCTinsTGCCA,p.Gln1810Leu,missense_variant,MODERATE,ZC247.1,WBGene00013859,ZC247.1.1
I,13153348,c.705A>T,p.Leu235Phe,missense_variant,MODERATE,F22G12.3,WBGene00009063,F22G12.3.1
I,13209163,c.562G>A,p.Val188Ile,missense_variant,MODERATE,ZK1225.2,WBGene00014236,ZK1225.2.1
I,13289287,c.247+2_247+6delTAATT,,splice_donor_variant&splice_region_variant&intron_variant,HIGH,M01E5.4,WBGene00010807,M01E5.4.1
I,13768982,c.3297_3299delGGA,p.Glu1100del,disruptive_inframe_deletion,MODERATE,Y6B3B.4,WBGene00012389,Y6B3B.4.1
II,163184,c.43A>C,p.Met15Leu,missense_variant,MODERATE,etr-1,WBGene00001340,T01D1.2l.1
II,328645,c.2026C>T,p.Pro676Ser,missense_variant,MODERATE,cbn-1,WBGene00019285,K01A2.11d.1
II,721266,c.1486G>A,p.Asp496Asn,missense_variant,MODERATE,T02H6.1,WBGene00020171,T02H6.1b.1
II,865577,c.1234C>T,p.Arg412Cys,missense_variant,MODERATE,Y46B2A.3,WBGene00021578,Y46B2A.3.1
II,942264,c.754G>A,p.Asp252Asn,missense_variant,MODERATE,fbxc-36,WBGene00019918,R07C3.2a.1
II,959703,c.689G>A,p.Arg230Gln,missense_variant,MODERATE,sdz-4,WBGene00016309,C32B5.16.1
II,3214629,c.131G>C,p.Gly44Ala,missense_variant,MODERATE,ZC239.4,WBGene00022567,ZC239.4.1
II,3517986,c.1594G>A,p.Glu532Lys,missense_variant,MODERATE,clec-125,WBGene00021118,W09G10.6.1
II,3551208,c.217G>A,p.Glu73Lys,missense_variant&splice_region_variant,MODERATE,W10G11.19,WBGene00021148,W10G11.19.1
II,3760824,c.686G>A,p.Arg229Gln,missense_variant,MODERATE,T24E12.6,WBGene00020775,T24E12.6b.1
II,3796754,c.933A>T,p.Glu311Asp,missense_variant,MODERATE,Y8A9A.2,WBGene00021171,Y8A9A.2.1
II,4109352,c.493C>T,p.His165Tyr,missense_variant,MODERATE,rhgf-2,WBGene00006476,T08H4.1c.1
II,4884135,c.206G>A,p.Arg69His,missense_variant,MODERATE,gst-8,WBGene00001756,F11G11.1.1
II,5078783,c.1977_1978insC,p.His660fs,frameshift_variant&splice_region_variant,HIGH,dsh-2,WBGene00001102,C27A2.6.1
II,5078789,c.1971_1972insG,p.Ala658fs,frameshift_variant,HIGH,dsh-2,WBGene00001102,C27A2.6.1
II,5378977,c.154A>T,p.Thr52Ser,missense_variant,MODERATE,prdx-2,WBGene00006434,F09E5.15c.1
II,5421978,c.566G>A,p.Gly189Asp,missense_variant,MODERATE,tofu-6,WBGene00017132,EEED8.1.1
II,5475520,c.112G>A,p.Ala38Thr,missense_variant,MODERATE,ilcr-2,WBGene00018960,F56D1.2.1
II,5719172,c.541G>A,p.Gly181Arg,missense_variant,MODERATE,zipt-3,WBGene00015940,C18A3.2.1
II,5974583,c.311_312delAGinsGA,p.Lys104Arg,missense_variant,MODERATE,B0034.5,WBGene00015005,B0034.5.1
II,6084945,c.862_863insC,p.Ser289fs,frameshift_variant&splice_region_variant,HIGH,ptc-2,WBGene00004209,F21H12.4.1
II,6721804,c.41delA,p.Asn14fs,frameshift_variant,HIGH,T14B4.t1,WBGene00023138,T14B4.t1
II,6721812,c.47_48delAGinsCC,p.Ter16Serext*?,stop_lost,HIGH,T14B4.t1,WBGene00023138,T14B4.t1
II,6736534,c.280_283delAACAinsCAAC,p.AsnLys94GlnGln,missense_variant,MODERATE,mrps-18.C,WBGene00020499,T14B4.2.1
II,6759299,c.14delC,p.Pro5fs,frameshift_variant,HIGH,F41G3.2,WBGene00018299,F41G3.2.1
II,6759972,c.569_577delCGAACCGAAinsGAAACGGAG,p.ProAsnArgAsn190ArgAsnGlyAsp,missense_variant,MODERATE,F41G3.2,WBGene00018299,F41G3.2.1
II,7003307,c.35T>C,p.Val12Ala,missense_variant,MODERATE,C52E12.t2,WBGene00022966,C52E12.t2
II,7124047,c.386dupG,p.Thr130fs,frameshift_variant,HIGH,F10E7.2,WBGene00017344,F10E7.2.1
II,7579065,c.731G>T,p.Cys244Phe,missense_variant,MODERATE,F35D2.6,WBGene00194916,F35D2.6.1
II,7697470,c.821_823delGATinsATG,p.GlySer274AspAla,missense_variant,MODERATE,B0495.5,WBGene00015204,B0495.5.1
II,7698954,c.78_79insC,p.Arg27fs,frameshift_variant,HIGH,moa-2,WBGene00015205,B0495.6.1
II,7698960,c.71_72insG,p.Ala25fs,frameshift_variant,HIGH,moa-2,WBGene00015205,B0495.6.1
II,7757443,c.698C>T,p.Ala233Val,missense_variant,MODERATE,B0228.7,WBGene00015064,B0228.7.1
II,8163135,c.523G>A,p.Glu175Lys,missense_variant,MODERATE,rrf-3,WBGene00004510,F10B5.7.1
II,8277164,c.631G>A,p.Val211Ile,missense_variant,MODERATE,slc-25A32,WBGene00010459,K01C8.7a.1
II,8613557,c.602G>A,p.Gly201Glu,missense_variant,MODERATE,T22C8.1,WBGene00011922,T22C8.1.1
II,9270560,c.619G>A,p.Glu207Lys,missense_variant,MODERATE,C01G6.3,WBGene00007225,C01G6.3.1
II,9596789,c.88G>A,p.Ala30Thr,missense_variant,MODERATE,E02H1.6,WBGene00008458,E02H1.6.1
II,9797073,c.559G>A,p.Ala187Thr,missense_variant,MODERATE,cyp-13A4,WBGene00011671,T10B9.1.1
II,9972550,c.580C>T,p.Pro194Ser,missense_variant,MODERATE,aakg-5,WBGene00011276,R53.7b.1
II,10454162,c.605G>A,p.Arg202Gln,missense_variant,MODERATE,ZK673.4,WBGene00014060,ZK673.4.1
II,12024139,c.274G>A,p.Glu92Lys,missense_variant,MODERATE,Y17G7B.12,WBGene00012465,Y17G7B.12.1
II,12295642,c.2053G>A,p.Asp685Asn,missense_variant,MODERATE,Y57A10A.31,WBGene00013270,Y57A10A.31.1
II,12306480,c.653C>T,p.Ser218Phe,missense_variant,MODERATE,C50E10.2,WBGene00016826,C50E10.2b.1
II,12331048,c.1018G>A,p.Gly340Arg,missense_variant,MODERATE,sre-55,WBGene00016830,C50E10.7.1
II,12542183,c.1330G>A,p.Asp444Asn,missense_variant,MODERATE,F49C5.4,WBGene00009867,F49C5.4.1
II,12864918,c.82C>T,p.Pro28Ser,missense_variant,MODERATE,snf-5,WBGene00004904,Y46G5A.30.1
II,13440675,c.1400C>A,p.Thr467Lys,missense_variant,MODERATE,tbc-14,WBGene00008444,E01G4.1b.1
II,13726244,c.163G>A,p.Gly55Arg,missense_variant,MODERATE,bub-3,WBGene00013209,Y54G9A.6.1
II,14846049,c.760G>A,p.Gly254Arg,missense_variant,MODERATE,cdh-7,WBGene00000399,R05H10.6.1
III,641056,c.208A>G,p.Lys70Glu,missense_variant,MODERATE,tag-267,WBGene00044318,W06E11.2.1
III,1879552,c.479T>G,p.Phe160Cys,missense_variant,MODERATE,smi-1,WBGene00004886,Y39A3CR.1a.1
III,2039476,c.2686C>T,p.Gln896*,stop_gained,HIGH,dpy-1,WBGene00001063,M01E10.2a.1
III,2041919,c.1994C>A,p.Ser665Tyr,missense_variant,MODERATE,dpy-1,WBGene00001063,M01E10.2a.1
III,2253925,c.91A>T,p.Met31Leu,missense_variant&splice_region_variant,MODERATE,fbxa-73,WBGene00020640,T20H9.4.1
III,2895869,c.1049A>T,p.Gln350Leu,missense_variant,MODERATE,T20B6.2,WBGene00020598,T20B6.2.1
III,3178863,c.2755G>A,p.Glu919Lys,missense_variant,MODERATE,R148.3,WBGene00020102,R148.3b.1
III,3387045,c.968A>G,p.Asn323Ser,missense_variant,MODERATE,hecw-1,WBGene00009738,F45H7.6b.1
III,3399006,c.526G>A,p.Asp176Asn,missense_variant,MODERATE,clpf-1,WBGene00010304,F59A2.4a.1
III,4056084,c.1164+1_1164+3delTATinsGTA,,splice_donor_variant&splice_region_variant&intron_variant,HIGH,rcq-5,WBGene00004322,E03A3.2.1
III,4321159,c.205G>C,p.Glu69Gln,missense_variant,MODERATE,H38K22.6,WBGene00044911,H38K22.6.1
III,4377179,c.201G>A,p.Met67Ile,missense_variant,MODERATE,pals-26,WBGene00007131,B0284.1.1
III,4429019,c.1_2insG,p.Ile3fs,frameshift_variant,HIGH,C28A5.t3,WBGene00014269,C28A5.t3
III,4473941,c.964A>G,p.Ser322Gly,missense_variant,MODERATE,ifet-1,WBGene00004132,F56F3.1.1
III,4530486,c.7140+1delA,,splice_acceptor_variant&splice_donor_variant&intron_variant,HIGH,cdh-4,WBGene00000396,F25F2.2.1
III,4530510,c.7160+1delG,,splice_acceptor_variant&splice_donor_variant&intron_variant,HIGH,cdh-4,WBGene00000396,F25F2.2.1
III,4904841,c.305C>A,p.Thr102Lys,missense_variant,MODERATE,F26F4.8,WBGene00005011,F26F4.8.1
III,4992522,c.4700G>A,p.Gly1567Glu,missense_variant,MODERATE,tmem-131,WBGene00016170,C27F2.8.1
III,5166841,c.1810C>T,p.Leu604Phe,missense_variant,MODERATE,ulp-1,WBGene00006736,T10F2.3.1
III,5732556,c.705G>A,p.Trp235*,stop_gained,HIGH,B0244.7,WBGene00015082,B0244.7.1
III,5762085,c.39_40insG,p.Gly15fs,frameshift_variant,HIGH,B0244.t3,WBGene00022899,B0244.t3
III,5953952,c.1505_1510delCAAAATinsAAAATC,p.ProLysSer502GlnAsnPro,missense_variant,MODERATE,nono-1,WBGene00017778,F25B5.7a.1
III,6700332,c.2019G>T,p.Glu673Asp,missense_variant,MODERATE,rbf-1,WBGene00004316,F37A4.7d.1
III,7826648,c.1643T>G,p.Leu548Arg,missense_variant,MODERATE,egl-45,WBGene00001209,C27D11.1.1
III,8693701,c.47_51delGTGGGinsCTGGA,p.Cys16Ser,missense_variant,MODERATE,B0303.7,WBGene00015128,B0303.7a.1
III,9101256,c.3G>A,p.Met1?,start_lost,HIGH,ZK507.1,WBGene00013978,ZK507.1.1
III,9365125,c.242_265delCTCCAATCAAGAAGGCATCGTACG,p.Ala81_Tyr88del,disruptive_inframe_deletion,MODERATE,flp-25,WBGene00010575,K04H4.7.1
III,9767082,c.280G>A,p.Gly94Ser,missense_variant,MODERATE,cbp-1,WBGene00000366,R10E11.1b.1
III,10085034,c.1027G>A,p.Val343Met,missense_variant,MODERATE,T16H12.1,WBGene00011811,T16H12.1a.1
III,10091440,c.1171C>T,p.His391Tyr,missense_variant,MODERATE,bath-43,WBGene00011815,T16H12.5a.1
III,10498224,c.3093delT,p.Gln1032fs,frameshift_variant,HIGH,F43D9.1,WBGene00009653,F43D9.1.1
III,10498230,c.3096_3097insC,p.Cys1033fs,frameshift_variant,HIGH,F43D9.1,WBGene00009653,F43D9.1.1
III,11787752,c.5G>A,p.Ser2Asn,missense_variant,MODERATE,C24H11.1,WBGene00007699,C24H11.1.1
III,11921248,c.374G>A,p.Gly125Glu,missense_variant&splice_region_variant,MODERATE,trap-4,WBGene00013238,Y56A3A.21.1
III,12953329,c.1109A>C,p.Asn370Thr,missense_variant,MODERATE,ttm-1,WBGene00012712,Y39E4A.2b.1
IV,2104548,c.1789C>T,p.Leu597Phe,missense_variant,MODERATE,che-6,WBGene00000487,C23H5.7.1
IV,2887568,c.253G>A,p.Ala85Thr,missense_variant,MODERATE,dml-1,WBGene00021871,Y54G2A.5a.1
IV,3465459,c.1297C>A,p.Gln433Lys,missense_variant,MODERATE,F58E2.4,WBGene00019048,F58E2.4.1
IV,3725115,c.185T>A,p.Met62Lys,missense_variant,MODERATE,Y37E11AM.2,WBGene00021366,Y37E11AM.2b.1
IV,4931173,c.358C>A,p.His120Asn,missense_variant,MODERATE,Y9C9A.8,WBGene00021178,Y9C9A.8.1
IV,7053286,c.1214delC,p.Pro405fs,frameshift_variant,HIGH,nhr-105,WBGene00003695,C06G3.1a.1
IV,7053292,c.1218dupT,p.Arg407fs,frameshift_variant,HIGH,nhr-105,WBGene00003695,C06G3.1a.1
IV,7476514,c.650G>A,p.Arg217Gln,missense_variant,MODERATE,F55G1.9,WBGene00018904,F55G1.9.1
IV,7591643,c.1944A>C,p.Glu648Asp,missense_variant,MODERATE,cla-1,WBGene00018468,F45E4.3a.1
IV,7592922,c.3223G>A,p.Val1075Ile,missense_variant,MODERATE,cla-1,WBGene00018468,F45E4.3a.1
IV,7596309,c.6610A>C,p.Thr2204Pro,missense_variant,MODERATE,cla-1,WBGene00018468,F45E4.3a.1
IV,7596427,c.6728A>T,p.Tyr2243Phe,missense_variant,MODERATE,cla-1,WBGene00018468,F45E4.3a.1
IV,7596481,c.6782T>A,p.Val2261Glu,missense_variant,MODERATE,cla-1,WBGene00018468,F45E4.3a.1
IV,7597194,c.7431T>A,p.Asp2477Glu,missense_variant,MODERATE,cla-1,WBGene00018468,F45E4.3a.1
IV,7597246,c.7482+1T>A,,splice_donor_variant&intron_variant,HIGH,cla-1,WBGene00018468,F45E4.3a.1
IV,7597783,c.8017T>A,p.Cys2673Ser,missense_variant,MODERATE,cla-1,WBGene00018468,F45E4.3a.1
IV,7597974,c.8208T>A,p.Asp2736Glu,missense_variant,MODERATE,cla-1,WBGene00018468,F45E4.3a.1
IV,10297243,c.3602C>T,p.Thr1201Ile,missense_variant,MODERATE,R09E10.5,WBGene00011175,R09E10.5.1
IV,10793243,c.1447G>A,p.Glu483Lys,missense_variant,MODERATE,pept-2,WBGene00003876,C06G8.2.1
IV,11226271,c.686A>C,p.Gln229Pro,missense_variant,MODERATE,col-125,WBGene00000699,C29F4.1.1
IV,12278025,c.7G>A,p.Ala3Thr,missense_variant,MODERATE,tag-335,WBGene00016583,C42C1.5.1
IV,12339768,c.1676C>T,p.Ser559Leu,missense_variant,MODERATE,wht-5,WBGene00008950,F19B6.4.1
IV,13270301,c.436G>A,p.Asp146Asn,missense_variant,MODERATE,unc-26,WBGene00006763,JC8.10b.1
IV,13716289,c.91G>A,p.Gly31Ser,missense_variant,MODERATE,C47A4.1,WBGene00008122,C47A4.1.1
IV,15145871,c.367_368insGTTTT,p.Ala125fs,frameshift_variant,HIGH,str-78,WBGene00006138,Y40H7A.1.1
IV,15933208,c.21_23delAGG,p.Gly8del,conservative_inframe_deletion,MODERATE,Y105C5B.t3,WBGene00014610,Y105C5B.t3
IV,16738381,c.668C>T,p.Pro223Leu,missense_variant,MODERATE,Y51H4A.24,WBGene00013118,Y51H4A.24.1
V,325881,c.3842G>A,p.Gly1281Glu,missense_variant,MODERATE,abt-4,WBGene00000022,Y39D8C.1.1
V,4395114,c.487G>A,p.Gly163Arg,missense_variant,MODERATE,F13A2.3,WBGene00017412,F13A2.3.1
V,4714298,c.1631C>T,p.Pro544Leu,missense_variant,MODERATE,oac-24,WBGene00018211,F39G3.6.1
V,5084650,c.306_310delGCTCAinsTCTCG,p.LysLeuAsn102AsnLeuAsp,missense_variant,MODERATE,Y58A7A.4,WBGene00021978,Y58A7A.4.1
V,5084757,c.251C>T,p.Pro84Leu,missense_variant,MODERATE,Y58A7A.4,WBGene00021978,Y58A7A.4.1
V,5084806,c.202G>T,p.Ala68Ser,missense_variant,MODERATE,Y58A7A.4,WBGene00021978,Y58A7A.4.1
V,5125610,c.1934C>T,p.Ala645Val,missense_variant,MODERATE,sid-1,WBGene00004795,C04F5.1.1
V,5625702,c.2560_2571delCAGATTTTGGAT,p.Gln854_Asp857del,conservative_inframe_deletion,MODERATE,acy-4,WBGene00000071,T01C2.1.1
V,5797261,c.505G>A,p.Asp169Asn,missense_variant,MODERATE,nstp-3,WBGene00022577,ZC250.3.1
V,5909221,c.1141C>T,p.Pro381Ser,missense_variant,MODERATE,C04E6.4,WBGene00015421,C04E6.4.1
V,6125786,c.42064G>A,p.Glu14022Lys,missense_variant,MODERATE,ttn-1,WBGene00006436,W06H8.8f.1
V,6173489,c.19423A>G,p.Asn6475Asp,missense_variant,MODERATE,ttn-1,WBGene00006436,W06H8.8f.1
V,6173711,c.19201A>G,p.Thr6401Ala,missense_variant,MODERATE,ttn-1,WBGene00006436,W06H8.8f.1
V,6178832,c.14080A>G,p.Ile4694Val,missense_variant,MODERATE,ttn-1,WBGene00006436,W06H8.8f.1
V,6178949,c.13963A>G,p.Ile4655Val,missense_variant,MODERATE,ttn-1,WBGene00006436,W06H8.8f.1
V,6180368,c.12544A>T,p.Thr4182Ser,missense_variant,MODERATE,ttn-1,WBGene00006436,W06H8.8f.1
V,6197726,c.3931G>A,p.Glu1311Lys,missense_variant,MODERATE,ttn-1,WBGene00006436,W06H8.8f.1
V,6546421,c.71G>A,p.Arg24Lys,missense_variant,MODERATE,dre-1,WBGene00001089,K04A8.6b.1
V,6924916,c.46G>A,p.Val16Ile,missense_variant,MODERATE,unc-68,WBGene00006801,K11C4.5i.1
V,7059941,c.274A>T,p.Asn92Tyr,missense_variant,MODERATE,Y57E12AL.6,WBGene00021959,Y57E12AL.6.1
V,7289774,c.233C>T,p.Pro78Leu,missense_variant,MODERATE,C13A2.1,WBGene00015718,C13A2.1.1
V,7931837,c.845C>G,p.Thr282Ser,missense_variant,MODERATE,ncx-10,WBGene00003575,Y97E10B.7a.1
V,8068628,c.719G>A,p.Arg240Lys,missense_variant,MODERATE,str-143,WBGene00006190,C09H5.4.1
V,8231587,c.5209T>C,p.Tyr1737His,missense_variant,MODERATE,rol-3,WBGene00004395,C16D9.2.1
V,8633529,c.872C>T,p.Ser291Phe,missense_variant,MODERATE,oac-29,WBGene00018295,F41E6.14.1
V,8706807,c.3260C>T,p.Ser1087Phe,missense_variant,MODERATE,ZC178.2,WBGene00022536,ZC178.2.1
V,8757776,c.449_450delACinsCA,p.Asn150Thr,missense_variant,MODERATE,B0507.7,WBGene00015224,B0507.7.1
V,8938311,c.872T>G,p.Val291Gly,missense_variant,MODERATE,unc-23,WBGene00006760,H14N18.1a.1
V,8963428,c.435G>C,p.Lys145Asn,missense_variant,MODERATE,nhr-44,WBGene00003634,T19A5.4.1
V,9449077,c.2210G>A,p.Arg737Lys,missense_variant&splice_region_variant,MODERATE,H24G06.1,WBGene00019237,H24G06.1a.1
V,9620738,c.447T>G,p.Phe149Leu,missense_variant,MODERATE,T06E4.9,WBGene00011536,T06E4.9.1
V,11105619,c.514G>A,p.Asp172Asn,missense_variant,MODERATE,cdkl-1,WBGene00012779,Y42A5A.4b.1
V,11749222,c.6815C>G,p.Ser2272*,stop_gained,HIGH,T04F3.1,WBGene00011436,T04F3.1a.1
V,11923750,c.944C>T,p.Ala315Val,missense_variant,MODERATE,R31.2,WBGene00011270,R31.2a.1
V,12250841,c.3764G>A,p.Arg1255Lys,missense_variant,MODERATE,rad-50,WBGene00004296,T04H1.4b.1
V,12658601,c.3398G>A,p.Arg1133Lys,missense_variant,MODERATE,lin-25,WBGene00003011,F56H9.5.1
V,13091450,c.439G>A,p.Gly147Arg,missense_variant,MODERATE,C34B4.4,WBGene00007909,C34B4.4.1
V,13857523,c.76T>A,p.Ser26Thr,missense_variant,MODERATE,srx-136,WBGene00006027,F09F3.12.1
V,14556218,c.70C>A,p.Gln24Lys,missense_variant,MODERATE,srg-47,WBGene00005204,C53A5.8.1
V,15159894,c.704C>T,p.Thr235Ile,missense_variant,MODERATE,str-45,WBGene00006110,T09F5.3.1
V,15188667,c.134C>T,p.Ser45Phe,missense_variant,MODERATE,bath-36,WBGene00013569,Y75B12B.4.1
V,15766903,c.230C>G,p.Ser77*,stop_gained,HIGH,F57A10.2,WBGene00010184,F57A10.2.1
V,15866349,c.211C>T,p.Gln71*,stop_gained,HIGH,srh-293,WBGene00005497,K08G2.8.1
V,15906276,c.230C>T,p.Pro77Leu,missense_variant,MODERATE,F35E8.2,WBGene00009418,F35E8.2.1
V,17729282,c.482G>A,p.Gly161Asp,missense_variant,MODERATE,twk-42,WBGene00006692,W06D12.2.1
V,18132468,c.285G>T,p.Leu95Phe,missense_variant,MODERATE,Y37H2A.18,WBGene00219210,Y37H2A.18.1
V,18941877,c.779A>C,p.Glu260Ala,missense_variant,MODERATE,Y80D3A.8,WBGene00013586,Y80D3A.8.1
V,19029747,c.1153G>A,p.Gly385Arg,missense_variant,MODERATE,Y39B6A.25,WBGene00012684,Y39B6A.25.1
V,19252789,c.323T>A,p.Leu108His,missense_variant,MODERATE,F21D9.11,WBGene00219452,F21D9.11a.1
X,1615121,c.2103delC,p.Ser702fs,frameshift_variant,HIGH,H11E01.3,WBGene00019188,H11E01.3.1
X,1615129,c.2109delC,p.Asn704fs,frameshift_variant,HIGH,H11E01.3,WBGene00019188,H11E01.3.1
X,1615139,c.2119delC,p.His707fs,frameshift_variant,HIGH,H11E01.3,WBGene00019188,H11E01.3.1
X,2192531,c.28T>C,p.Cys10Arg,missense_variant,MODERATE,gap-1,WBGene00001515,T24C12.2.1
X,3502807,c.620C>T,p.Thr207Ile,missense_variant,MODERATE,C12D12.1,WBGene00015713,C12D12.1c.1
X,3633102,c.403A>G,p.Ile135Val,missense_variant,MODERATE,gst-11,WBGene00001759,R11G1.3.1
X,4633411,c.382C>T,p.Leu128Phe,missense_variant,MODERATE,C46C11.2,WBGene00016705,C46C11.2b.1
X,5116271,c.134G>A,p.Arg45His,missense_variant,MODERATE,apl-1,WBGene00000149,C42D8.8a.1
X,5426525,c.9097_9098delGC,p.Ala3033fs,frameshift_variant,HIGH,pks-1,WBGene00016558,C41A3.1a.1
X,5490104,c.267C>G,p.Asn89Lys,missense_variant,MODERATE,F55D1.1,WBGene00018875,F55D1.1.1
X,5838339,c.555+1G>A,,splice_donor_variant&intron_variant,HIGH,dct-11,WBGene00021060,W06B11.3.1
X,6357781,c.22_23insGATG,p.Gly31fs,frameshift_variant,HIGH,C03B1.10,WBGene00015380,C03B1.10.1
X,6674270,c.997C>T,p.Pro333Ser,missense_variant,MODERATE,col-172,WBGene00000745,F38B6.5a.1
X,6772922,c.19G>A,p.Asp7Asn,missense_variant,MODERATE,irk-1,WBGene00002149,R03E9.4.1
X,7687082,c.1099G>A,p.Glu367Lys,missense_variant,MODERATE,clik-2,WBGene00016898,C53C9.2.1
X,8639290,c.3_4insCG,p.Gly3fs,frameshift_variant,HIGH,F12D9.t5,WBGene00022990,F12D9.t5
X,8895343,c.1470T>G,p.Asp490Glu,missense_variant,MODERATE,C13E3.1,WBGene00015740,C13E3.1a.1
X,8941404,c.2506_2509delGATC,p.Arg837fs,frameshift_variant,HIGH,trk-1,WBGene00017039,D1073.1b.1
X,9253535,c.431C>T,p.Pro144Leu,missense_variant,MODERATE,pes-8,WBGene00003981,F18G5.2.1
X,10918469,c.503C>T,p.Ser168Phe,missense_variant,MODERATE,nstp-9,WBGene00011882,T21B6.5.1
X,11529401,c.5590A>T,p.Ile1864Phe,missense_variant,MODERATE,sdc-2,WBGene00004746,C35C5.1.1
X,12267451,c.1568C>T,p.Ser523Phe,missense_variant,MODERATE,otpl-8,WBGene00010403,H19J13.1.1
X,12341341,c.43G>T,p.Ala15Ser,missense_variant,MODERATE,zig-2,WBGene00006979,F42F12.2.1
X,13275959,c.1514C>T,p.Ala505Val,missense_variant,MODERATE,phf-33,WBGene00010708,K09A11.5.1
X,14766693,c.3210delC,p.Pro1071fs,frameshift_variant,HIGH,Y16B4A.2,WBGene00012445,Y16B4A.2.1
X,14766703,c.3200delC,p.Gln1068fs,frameshift_variant,HIGH,Y16B4A.2,WBGene00012445,Y16B4A.2.1
X,14766734,c.3169delC,p.Gly1058fs,frameshift_variant,HIGH,Y16B4A.2,WBGene00012445,Y16B4A.2.1
X,15227130,c.2889G>T,p.Gln963His,missense_variant,MODERATE,H03A11.2,WBGene00010357,H03A11.2.1
X,15748072,c.42_44delCAAinsGAG,p.AspLys14GluArg,missense_variant,MODERATE,ZK678.t2,WBGene00014627,ZK678.t2
X,17053745,c.608C>T,p.Ala203Val,missense_variant,MODERATE,gcy-11,WBGene00001537,C30G4.3.1
X,17293796,c.235A>G,p.Met79Val,missense_variant,MODERATE,C33E10.8,WBGene00016349,C33E10.8.1
MtDNA,9037,c.1193C>T,p.Thr398Met,missense_variant,MODERATE,ctc-1,WBGene00010964,MTCE.26.1
